utci,walk_pct,ci_lower,ci_upper,n_trips,n_walk
-17.0,23.49397590361446,17.46987951807229,30.120481927710845,166,39
-15.0,30.72289156626506,24.096385542168676,38.55421686746988,166,51
-13.0,22.38372093023256,18.023255813953487,26.744186046511626,344,77
-11.0,20.47244094488189,16.535433070866144,24.409448818897637,381,78
-9.0,26.53061224489796,22.22222222222222,30.612244897959183,441,117
-7.0,26.93498452012384,24.148606811145513,29.61816305469556,969,261
-5.0,22.470076169749728,20.348204570184983,24.319912948857453,1838,413
-3.0,25.504931892907468,23.72005636449037,27.571629873179898,2129,543
-1.0,26.830282861896837,25.041597337770384,28.577371048252914,2404,645
1.0,23.635786802030456,22.081218274111674,25.190355329949238,3152,745
3.0,23.208587177255584,21.84435741224253,24.630113141862488,3447,800
5.0,23.01038062283737,22.058823529411764,23.990772779700116,6936,1596
7.0,22.392873598525572,21.37843649209031,23.37659345722623,6511,1458
9.0,20.342752485609626,19.42667451596023,21.258503401360542,7644,1555
11.0,18.82882882882883,17.765765765765764,19.83783783783784,5550,1045
13.0,20.551924473493102,19.293149358508835,21.76289034132171,4131,849
15.0,20.444311017712398,19.00180126088262,21.735214650255177,3331,681
17.0,21.095334685598377,19.391480730223122,22.67748478701826,2465,520
19.0,23.40966921119593,21.374045801526716,25.44529262086514,1572,368
21.0,22.21379833206975,20.0909780136467,24.262699014404852,1319,293
23.0,23.841059602649008,20.082781456953644,27.599337748344364,453,108
25.0,23.684210526315788,19.37799043062201,27.751196172248804,418,99
27.0,20.454545454545457,13.607954545454545,28.437499999999975,88,18
29.0,33.94495412844037,25.688073394495415,43.11926605504588,109,37
